Ambience	p.Denominator	Overall court grouping	p.Find Your Court	p.Select A Measure	ReadMe	Lat	Location	Lon	NTA Code	Name	Neighborhood	Notable?	Number of Records	Overall	Quality	Borough	Size	Surface	Table Name	URL v2	URL
15	100	Mediocre	2	56	Hi	40.646201	E 100th St. and Glenwood Rd.	-73.899117	BK50	100% Playground	Canarsie	N	1	56	12	Brooklyn	14	15	Brooklyn	https://i.imgsafe.org/da/dac02de540.jpeg	https://i.imgur.com/Lf9pHxU.jpg
16	100	Mediocre	2	51	Hi	40.691646	59 Atlantic Ave.	-73.998544	BK09	Adam Yauch Park	Brooklyn Heights	N	1	51	19	Brooklyn	7	9	Brooklyn	https://i.imgsafe.org/da/dac03397f0.jpeg	https://i.imgur.com/j4rCQGZ.jpg
16	100	Poor	2	47	Hi	40.645963	123 Albemarle Rd.	-73.980744	BK41	Albemarle Playground	Ocean Parkway	N	1	47	11	Brooklyn	7	13	Brooklyn	https://i.imgsafe.org/da/dac034ac77.jpeg	https://i.imgur.com/AkqgE9t.jpg
20	100	Mediocre	2	64	Hi	40.728916	126 Franklin St.	-73.95787	BK76	American Playground	Greenpoint	N	1	64	13	Brooklyn	15	16	Brooklyn	https://i.imgsafe.org/da/dac0399ca4.jpeg	https://i.imgur.com/TUvJenl.jpg
9	100	Mediocre	2	58	Hi	40.62307	2525 Nostrand Ave.	-73.946528	BK43	Andries Playground	Midwood	N	1	58	15	Brooklyn	25	9	Brooklyn	https://i.imgsafe.org/da/dac03cd3dd.jpeg	https://i.imgur.com/OVwZ6Hn.jpg
13	100	Poor	2	42	Hi	40.690345	646 Lafayette Ave.	-73.94943	BK35	Banneker Playground	Bedford-Stuyvesant	N	1	42	9	Brooklyn	10	10	Brooklyn	https://i.imgsafe.org/da/dac04024bd.jpeg	https://i.imgur.com/UgepFKz.jpg
9	100	Poor	2	41	Hi	40.701013	52 Bartlett St.	-73.945919	BK72	Bartlett Playground	Williamsburg	N	1	41	8	Brooklyn	13	11	Brooklyn	https://i.imgsafe.org/da/dac043e9cb.jpeg	https://i.imgur.com/FrIM9Qa.jpg
11	100	Poor	2	28	Hi	40.602613	17th Ave. and 17th Ct.	-74.010508	BK27	Bath Beach Park	Bath Beach	N	1	28	4	Brooklyn	10	3	Brooklyn	https://i.imgsafe.org/da/dac04a3091.jpeg	https://i.imgur.com/KyZoYS5.jpg
1	100	Poor	2	17	Hi	40.594448	221 Bay 37th St.	-73.993422	BK27	Bath Playground	Bath Beach	N	1	17	4	Brooklyn	7	5	Brooklyn	https://i.imgsafe.org/da/dac045da6f.jpeg	https://i.imgur.com/vLdwMJP.jpg
14	100	Mediocre	2	66	Hi	40.634739	9910 Seaview Ave.	-73.886999	BK50	Bayview Playground	Canarsie	N	1	66	12	Brooklyn	21	19	Brooklyn	https://i.imgsafe.org/da/dac04e14f6.jpeg	https://i.imgur.com/62mxTxF.jpg
13	100	Mediocre	2	51	Hi	40.708331	449 Bedford Ave	-73.963652	BK72	Bedford Playground	Williamsburg	N	1	51	15	Brooklyn	14	9	Brooklyn	https://i.imgsafe.org/da/dac04e14f6.jpeg	https://i.imgur.com/XnhqAf9.jpg
12	100	Mediocre	2	55	Hi	40.675498	265 Forbell St. (PS 214)	-73.86261	BK85	Belmont Playground	East New York	N	1	55	14	Brooklyn	14	15	Brooklyn	https://i.imgsafe.org/da/dac05731ff.jpeg	https://i.imgur.com/0QkAhQG.jpg
8	100	Poor	2	32	Hi	40.602519	1939 Bath Ave., next to PS 200	-74.002491	BK27	Benson Playground	Bath Beach	N	1	32	7	Brooklyn	13	4	Brooklyn	https://i.imgsafe.org/da/dac057acee.jpeg	https://i.imgur.com/PrRzqca.jpg
20	100	Mediocre	2	57	Hi	40.597786	8841 21st Ave.	-74.000978	BK27	Bensonhurst Park	Bath Beach	N	1	57	9	Brooklyn	20	8	Brooklyn	https://i.imgsafe.org/da/dac05d3277.jpeg	https://i.imgur.com/X2Sex6d.jpg
13	100	Mediocre	2	50	Hi	40.622508	7101 Avenue T	-73.909595	BK45	Bergen Beach Playground	Bergen Beach	N	1	50	15	Brooklyn	7	15	Brooklyn	https://i.imgsafe.org/da/dac05d8e8f.jpeg	https://i.imgur.com/6mv7rO4.jpg
19	100	Mediocre	2	51	Hi	40.712733	106 S. 3rd St.	-73.963595	BK72	Berry Playground	Williamsburg	N	1	51	16	Brooklyn	7	9	Brooklyn	https://i.imgsafe.org/da/dac0638f8e.jpeg	https://i.imgur.com/w9uOQNi.jpg
8	100	Poor	2	48	Hi	40.664438	662 Thomas S Boyland St	-73.911951	BK81	Betsy Head Park	Brownsville	N	1	48	11	Brooklyn	12	17	Brooklyn	https://i.imgsafe.org/da/dac0645622.jpeg	https://i.imgur.com/4AeNKA3.jpg
6	100	Poor	2	45	Hi	40.635486	932 E 81st St.	-73.91161	BK50	Bildersee Playground	Canarsie	N	1	45	12	Brooklyn	21	6	Brooklyn	https://i.imgsafe.org/da/dac06c5dbd.jpeg	https://i.imgur.com/SVIukhq.jpg
14	100	Mediocre	2	57	Hi	40.684856	364 Warren St	-73.990422	BK37	Boerum Park	Park Slope	N	1	57	20	Brooklyn	7	16	Brooklyn	https://i.imgsafe.org/da/dac06a6359.jpeg	https://i.imgur.com/IPPOnop.jpg
14	100	Mediocre	2	67	Hi	40.680258	Ralph Ave. and Marion St.	-73.922707	BK35	Brevoort Playground	Bedford-Stuyvesant	N	1	67	12	Brooklyn	21	20	Brooklyn	https://i.imgsafe.org/da/dac07431f7.jpeg	https://i.imgur.com/UoDQuS5.jpg
5	100	Poor	2	39	Hi	40.700423	Sands St. and Jay St.	-73.986027	BK38	Bridge Park	Dumbo	N	1	39	9	Brooklyn	21	4	Brooklyn	https://i.imgsafe.org/da/dac073ada5.jpeg	https://i.imgur.com/6qQ8tZV.jpg
19	100	Mediocre	2	57	Hi	40.575184	126 Brightwater Ct.	-73.965617	BK19	Brighton Playground	Brighton Beach	N	1	57	5	Brooklyn	21	12	Brooklyn	https://i.imgsafe.org/da/dac07a1472.jpeg	https://i.imgur.com/MkTQ0mY.jpg
15	100	Mediocre	2	58	Hi	40.6424	4201 10th Ave.	-73.994681	BK88	Brizzi Playground	Borough Park	N	1	58	12	Brooklyn	19	12	Brooklyn	https://i.imgsafe.org/da/dac013fa32.jpeg	https://i.imgur.com/JMfKVL5.jpg
25	100	Very Good	2	100	Hi	40.699426	Brooklyn Bridge Park, Pier 2	-73.998668	BK09	Brooklyn Bridge Park (Pier 2)	Brooklyn Heights	Y	1	100	25	Brooklyn	25	25	Brooklyn	https://i.imgsafe.org/da/dac013f57e.jpeg	https://i.imgur.com/7WxnJ1b.jpg
19	100	Mediocre	2	50	Hi	40.673543	195 Brooklyn Ave.	-73.944057	BK64	Brower Park	Prospect Heights	N	1	50	5	Brooklyn	14	12	Brooklyn	https://i.imgsafe.org/da/dac01d3221.jpeg	https://i.imgur.com/e2KX12n.jpg
12	100	Mediocre	2	74	Hi	40.65691	Hegeman Ave. and Sackman St.	-73.901485	BK81	Brownsville Playground	Brownsville	N	1	74	23	Brooklyn	14	25	Brooklyn	https://i.imgsafe.org/da/dac01c66e2.jpeg	https://i.imgur.com/rTpRuP2.jpg
16	100	Mediocre	2	60	Hi	40.703761	Flushing Ave. between Beaver St. and Garden St.	-73.939687	BK77	Bushwick Playground	Bushwick	N	1	60	16	Brooklyn	12	16	Brooklyn	https://i.imgsafe.org/da/dac0262f80.jpeg	https://i.imgur.com/jgdecyx.jpg
20	100	Mediocre	1	62	Hi	40.587606	Bay 46th St. and Cropsey Ave.	-73.990508	BK26	Calvert Vaux Park/Dreier Offerman Park	Gravesend	N	1	62	17	Brooklyn	14	11	Brooklyn	https://i.imgsafe.org/da/dac0245a39.jpeg	https://i.imgur.com/raPzLqP.jpg
15	100	Poor	2	45	Hi	40.630751	9103 Seaview Ave.	-73.89325	BK50	Canarsie Park	Canarsie	N	1	45	10	Brooklyn	10	10	Brooklyn	https://i.imgsafe.org/dd/dd78b2b099.jpeg	https://i.imgur.com/2QHErSi.jpg
17	100	Mediocre	2	61	Hi	40.680479	244 Marion St.	-73.920828	BK35	Carver Playground	Bedford-Stuyvesant	N	1	61	16	Brooklyn	13	15	Brooklyn	https://i.imgsafe.org/dd/dd78b560b5.jpeg	https://i.imgur.com/z7j17AU.jpg
15	100	Very Good	2	76	Hi	40.577107	W 2nd Ave. and W Brighton Ave.	-73.970751	BK21	Century Playground	Coney Island	N	1	76	25	Brooklyn	13	23	Brooklyn	https://i.imgsafe.org/dd/dd78bd9acf.jpeg	https://i.imgur.com/osRhcJc.jpg
13	100	Mediocre	2	51	Hi	40.66877	102 Chester St.	-73.911728	BK81	Chester Playground	Brownsville	N	1	51	9	Brooklyn	14	15	Brooklyn	https://i.imgsafe.org/dd/dd78bba3c4.jpeg	https://i.imgur.com/qkHdkNz.jpg
17	100	Mediocre	2	69	Hi	40.681657	1000 Fulton St	-73.9616846	BK69	"Christopher ""Biggie"" Wallace Courts"	Clinton Hill	Y	1	69	20	Brooklyn	13	19	Brooklyn	https://i.imgsafe.org/dd/dd78c305ce.jpeg	https://i.imgur.com/qzXpAiB.jpg
15	100	Very Good	2	75	Hi	40.678837	Wells St. and Chestnut St.	-73.874434	BK85	City Line Park	East New York	N	1	75	18	Brooklyn	23	19	Brooklyn	https://i.imgsafe.org/dd/dd78c71eba.jpeg	https://i.imgur.com/gDeA1ii.jpg
15	100	Mediocre	2	55	Hi	40.689239	Classon Ave. and Lafayette Ave.	-73.960757	BK69	Classon Playground	Clinton Hill	N	1	55	10	Brooklyn	21	9	Brooklyn	https://i.imgsafe.org/dd/dd78ca09aa.jpeg	https://i.imgur.com/cIYoaaw.jpg
12	100	Poor	2	32	Hi	40.677251	85 Richards St.	-74.009032	BK33	Coffey Park	Carroll Gardens - Red Hook	N	1	32	3	Brooklyn	7	10	Brooklyn	https://i.imgsafe.org/dd/dd78cd47ce.jpeg	https://i.imgur.com/s2ZMO3H.jpg
16	100	Mediocre	2	66	Hi	40.609346	E 4th St. and Ave. P	-73.970249	BK43	Col. David Marcus Memorial Playground	Midwood	N	1	66	21	Brooklyn	7	22	Brooklyn	https://i.imgsafe.org/dd/dd78d3a999.jpeg	https://i.imgur.com/6zTsUyo.jpg
16	100	Poor	2	41	Hi	40.697946	Flushing Ave. and Navy St.	-73.979007	BK68	Commodore Barry Park	Fort Greene	N	1	41	10	Brooklyn	10	5	Brooklyn	https://i.imgsafe.org/dd/dd78d5a5b5.jpeg	https://i.imgur.com/i9MZRfo.jpg
15	100	Mediocre	2	59	Hi	40.715583	Morgan Ave. and Sharon St.	-73.93608	BK76	Cooper Park	Greenpoint	N	1	59	13	Brooklyn	17	14	Brooklyn	https://i.imgsafe.org/dd/dd78deedd6.jpeg	https://i.imgur.com/pvAaHY6.jpg
16	100	Mediocre	2	69	Hi	40.670167	Euclid Ave. and Dumont Ave.	-73.870981	BK85	Cypress Hills Playground	East New York	N	1	69	21	Brooklyn	13	19	Brooklyn	https://i.imgsafe.org/dd/dd78de7c60.jpeg	https://i.imgur.com/hQWMBB9.jpg
11	100	Poor	2	48	Hi	40.702686	Lorimer St. and Harrison Ave.	-73.949643	BK72	De Hostos Playground	Williamsburg	N	1	48	7	Brooklyn	10	20	Brooklyn	https://i.imgsafe.org/dd/dd78ebd8ef.jpeg	https://i.imgur.com/kqCY5vn.jpg
20	100	Very Good	2	81	Hi	40.680608	524 Bergen St.	-73.973116	BK64	Dean Playground/Conrad McRae Playground	Prospect Heights	N	1	81	22	Brooklyn	14	25	Brooklyn	https://i.imgsafe.org/dd/dd78e532bf.jpeg	https://i.imgur.com/kX0lN3M.jpg
12	100	Poor	2	41	Hi	40.681552	240 MacDonough St.	-73.936768	BK35	Decatur Playground	Bedford-Stuyvesant	N	1	41	12	Brooklyn	7	10	Brooklyn	https://i.imgsafe.org/dd/dd78e8ca13.jpeg	https://i.imgur.com/VL8UkdC.jpg
10	100	Poor	2	42	Hi	40.655939	35th St. and 3rd Ave.	-74.004856	BK32	D'Emic Playground	Sunset Park	N	1	42	5	Brooklyn	17	10	Brooklyn	https://i.imgsafe.org/dd/dd78ee929a.jpeg	https://i.imgur.com/uk8X79i.jpg
13	100	Mediocre	2	65	Hi	40.649313	750 E 91st St.	-73.914324	BK91	Ditmas Playground/Railroad Playground	East Flatbush	N	1	65	10	Brooklyn	20	22	Brooklyn	https://i.imgsafe.org/dd/dd78f2b0a9.jpeg	https://i.imgur.com/9J5uImB.jpg
10	100	Poor	2	38	Hi	40.638075	Dahill Rd. and Cortelyou Rd.	-73.979902	BK88	Dome Playground	Borough Park	N	1	38	8	Brooklyn	13	7	Brooklyn	https://i.imgsafe.org/dd/dd78f527e5.jpeg	https://i.imgur.com/3rDs6L2.jpg
8	100	Poor	2	35	Hi	40.667481	Sutter Ave. and Mother Gaston Blvd.	-73.906668	BK81	Dr. Green Playground	Brownsville	N	1	35	10	Brooklyn	10	7	Brooklyn	https://i.imgsafe.org/dd/dd78f9b014.jpeg	https://i.imgur.com/FlXlLkl.jpg
17	100	Mediocre	2	58	Hi	40.612467	8625 14th Ave.	-74.012832	BK30	Dyker Beach Park	Dyker Heights	N	1	58	7	Brooklyn	25	9	Brooklyn	https://i.imgsafe.org/dd/dd78fb611c.jpeg	https://i.imgur.com/ACj03au.jpg
24	100	Very Good	2	86	Hi	40.689328	Dekalb Ave. and Adelphi St.	-73.971435	BK68	Edmonds Playground	Fort Greene	N	1	86	22	Brooklyn	17	23	Brooklyn	https://i.imgsafe.org/dd/dd79009ead.jpeg	https://i.imgur.com/I0p5FAy.jpg
15	100	Mediocre	2	55	Hi	40.682846	385 MacDonough St.	-73.930433	BK35	El Shabazz Playground	Bedford-Stuyvesant	N	1	55	10	Brooklyn	10	20	Brooklyn	https://i.imgsafe.org/dd/dd79090dc9.jpeg	https://i.imgur.com/nymrbHR.jpg
9	100	Poor	2	36	Hi	40.692603	464 Kosciuszko St.	-73.935658	BK35	Eleanor Roosevelt Playground	Bedford-Stuyvesant	N	1	36	10	Brooklyn	13	4	Brooklyn	https://i.imgsafe.org/dd/dd7902d146.jpeg	https://i.imgur.com/qWW0m50.jpg
11	100	Poor	2	49	Hi	40.720429	453 Leonard St.	-73.948476	BK72	Ericsson Playground	Williamsburg	N	1	49	12	Brooklyn	14	12	Brooklyn	https://i.imgsafe.org/dd/dd7908e9df.jpeg	https://i.imgur.com/h4w4NaP.jpg
11	100	Poor	2	40	Hi	40.655402	New Jersey Ave. and Wortman Ave.	-73.886934	BK85	Ethan Allen Playground	East New York	N	1	40	11	Brooklyn	13	5	Brooklyn	https://i.imgsafe.org/dd/dd7910e126.jpeg	https://i.imgur.com/qnjwROJ.jpg
15	100	Poor	2	49	Hi	40.68632	84 Schaefer St.	-73.910783	BK77	Evergreen Playground	Bushwick	N	1	49	12	Brooklyn	7	15	Brooklyn	https://i.imgsafe.org/de/de0308c3e0.jpeg	https://i.imgur.com/QiwrmsF.jpg
12	100	Mediocre	2	56	Hi	40.700788	173 Troutman St.	-73.928221	BK77	Fermi Playground	Bushwick	N	1	56	16	Brooklyn	13	15	Brooklyn	https://i.imgsafe.org/de/de0307ccf0.jpeg	https://i.imgur.com/vvtSiEj.jpg
15	100	Mediocre	2	62	Hi	40.678263	1995 Fulton St.	-73.914864	BK35	Fish Playground	Bedford-Stuyvesant	N	1	62	12	Brooklyn	14	21	Brooklyn	https://i.imgsafe.org/de/de03103d1e.jpeg	https://i.imgur.com/dr7Y068.jpg
25	100	Very Good	2	77	Hi	40.69292	Myrtle Ave. and N. Portland Ave.	-73.976474	BK68	Fort Greene Park	Fort Greene	N	1	77	23	Brooklyn	7	22	Brooklyn	https://i.imgsafe.org/de/de03130166.jpeg	https://i.imgur.com/GAstxLD.jpg
19	100	Mediocre	2	66	Hi	40.632443	1013 E 55th St.	-73.923745	BK58	Fox Playground	Flatlands	N	1	66	15	Brooklyn	14	18	Brooklyn	https://i.imgsafe.org/de/de031ae15d.jpeg	https://i.imgur.com/iN1nKgr.jpg
12	100	Mediocre	2	54	Hi	40.718831	Frost St. and Debevoise Ave.	-73.938807	BK90	Frost Playground	East Williamsburg	N	1	54	17	Brooklyn	15	10	Brooklyn	https://i.imgsafe.org/de/de031b3e3a.jpeg	https://i.imgur.com/aSO84Nq.jpg
10	100	Mediocre	2	56	Hi	40.701022	Beaver St. and Ellery St.	-73.938213	BK77	Garden Playground	East Williamsburg	N	1	56	11	Brooklyn	13	22	Brooklyn	https://i.imgsafe.org/de/de0323e00f.jpeg	https://i.imgur.com/Wsgga8w.jpg
3	100	Poor	2	29	Hi	40.636924	Farragut Rd. and Ralph Ave.	-73.919596	BK50	Glenwood Playground	East Williamsburg	N	1	29	12	Brooklyn	6	8	Brooklyn	https://i.imgsafe.org/de/de0323156c.jpeg	https://i.imgur.com/IAGs12c.jpg
14	100	Mediocre	2	55	Hi	40.697942	240 Nassau St.	-73.981438	BK38	Golconda Playground	East Williamsburg	N	1	55	12	Brooklyn	14	15	Brooklyn	https://i.imgsafe.org/de/de032b9a63.jpeg	https://i.imgur.com/uNm33sD.jpg
6	100	Poor	2	34	Hi	40.652399	41st and 3rd Ave.	-74.008515	BK32	Gonzalo Plasencia Playground	East Williamsburg	N	1	34	9	Brooklyn	7	12	Brooklyn	https://i.imgsafe.org/de/de032e4630.jpeg	https://i.imgur.com/gwb9Wqj.jpg
8	100	Poor	2	33	Hi	40.670976	Belmont Ave. and New Jersey Ave.	-73.894878	BK85	Grace Playground	East New York	N	1	33	8	Brooklyn	12	5	Brooklyn	https://i.imgsafe.org/de/de03353527.jpeg	https://i.imgur.com/1JqrkUr.jpg
11	100	Poor	2	44	Hi	40.582562	Brighton 4th St. and Brighton 4th Rd.	-73.964772	BK19	Grady Playground	Brighton Beach	N	1	44	9	Brooklyn	16	8	Brooklyn	https://i.imgsafe.org/de/de0338b494.jpeg	https://i.imgur.com/YMOKcU8.jpg
11	100	Mediocre	2	50	Hi	40.623582	5521 18th Ave.	-73.983465	BK26	Gravesend Park	Gravesend	N	1	50	12	Brooklyn	13	14	Brooklyn	https://i.imgsafe.org/de/de033bc95e.jpeg	https://i.imgur.com/dmzLb5I.jpg
16	100	Poor	2	39	Hi	40.686395	382 Waverly Ave.	-73.966322	BK69	Greene Playground	Clinton Hill	N	1	39	8	Brooklyn	6	9	Brooklyn	https://i.imgsafe.org/de/de03426ad4.jpeg	https://i.imgur.com/1iVPj0s.jpg
17	100	Mediocre	2	57	Hi	40.650256	E 5th St. and Fort Hamilton Pkwy	-73.976527	BK40	Greenwood Playground	Windsor Terrace	N	1	57	15	Brooklyn	7	18	Brooklyn	https://i.imgsafe.org/de/de0346c933.jpeg	https://i.imgur.com/vcF9anq.jpg
19	100	Mediocre	2	64	Hi	40.662439	608 Lefferts Ave.	-73.940437	BK91	Hamilton Metz Field	East Flatbush	N	1	64	12	Brooklyn	14	19	Brooklyn	https://i.imgsafe.org/de/de034cdbc9.jpeg	https://i.imgur.com/sXcvrvK.jpg
17	100	Mediocre	2	61	Hi	40.643269	475 E. 57th St.	-73.922953	BK91	Harry Maze Playground	East Flatbush	N	1	61	16	Brooklyn	7	21	Brooklyn	https://i.imgsafe.org/de/de03585c94.jpeg	https://i.imgur.com/QEoBf2m.jpg
12	100	Mediocre	2	50	Hi	40.685799	308 Monroe St.	-73.946224	BK35	Hattie Carthan Playground	Bedford-Stuyvesant	N	1	50	14	Brooklyn	13	11	Brooklyn	https://i.imgsafe.org/de/de035a4f45.jpeg	https://i.imgur.com/qyfS3KS.jpg
22	100	Mediocre	2	51	Hi	40.689555	Tompkins Ave. and Van Buren St.	-73.945778	BK35	Herbert Von King	Bedford-Stuyvesant	N	1	51	15	Brooklyn	3	11	Brooklyn	https://i.imgsafe.org/de/de03672c15.jpeg	https://i.imgur.com/aUwOF8F.jpg
15	100	Poor	2	48	Hi	40.598146	Avenue V and Haring St.	-73.940638	BK17	Herman Dolgon Playground	Sheepshead Bay	N	1	48	15	Brooklyn	7	11	Brooklyn	https://i.imgsafe.org/de/de03c33f2f.jpeg	https://i.imgur.com/nagsmv8.jpg
16	100	Mediocre	2	61	Hi	40.620248	E 66th St. and Veterans Ave.	-73.913454	BK45	Hickman Playground	Bergen Beach	N	1	61	15	Brooklyn	20	10	Brooklyn	https://i.imgsafe.org/de/de03735893.jpeg	https://i.imgur.com/FYM7Djq.jpg
10	100	Poor	2	31	Hi	40.586175	2645 Homecrest Ave.	-73.95695	BK17	Homecrest Playground	Sheepshead Bay	N	1	31	9	Brooklyn	3	9	Brooklyn	https://i.imgsafe.org/de/de03c3dab3.jpeg	https://i.imgur.com/j14b7IB.jpg
16	100	Mediocre	2	60	Hi	40.671966	Glenmore Ave. and Sackman St.	-73.905318	BK81	Houston Playground	Brownsville	N	1	60	12	Brooklyn	17	15	Brooklyn	https://i.imgsafe.org/dd/dd78a00901.jpeg	https://i.imgur.com/7MjzoXi.jpg
15	100	Mediocre	2	56	Hi	40.671645	Glenmore Ave. and Watkins St.	-73.908203	BK81	Howard Playground	Brownsville	N	1	56	9	Brooklyn	23	9	Brooklyn	https://i.imgsafe.org/dd/dd789e82df.jpeg	https://i.imgur.com/M7h1v1i.jpg
19	100	Very Good	2	87	Hi	40.672451	304 5thÂ St.	-73.985288	BK37	J.J. Byrne Playground	Park Slope	N	1	87	20	Brooklyn	25	23	Brooklyn	https://i.imgsafe.org/de/de042d9f66.jpeg	https://i.imgur.com/rTzrUoF.jpg
14	100	Poor	2	45	Hi	40.680019	Marion St. and Malcolm X. Blvd.	-73.92784	BK35	Jackie Robinson Park (Brooklyn)	Bedford-Stuyvesant	N	1	45	11	Brooklyn	7	13	Brooklyn	https://i.imgsafe.org/dd/dd78a85173.jpeg	https://i.imgur.com/FBLi0bk.jpg
14	100	Poor	2	48	Hi	40.665631	McKeever Pl. and Montgomery St.	-73.95911	BK61	Jackie Robinson Playground	Crown Heights	N	1	48	15	Brooklyn	9	10	Brooklyn	https://i.imgsafe.org/dd/dd78ab9408.jpeg	https://i.imgur.com/o11T643.jpg
13	100	Mediocre	2	52	Hi	40.624855	1216 E 58th St.	-73.91933	BK58	Jacob Joffe Fields	Flatlands	N	1	52	15	Brooklyn	18	6	Brooklyn	https://i.imgsafe.org/dd/dd78ae8b3e.jpeg	https://i.imgur.com/jjfgMei.jpg
18	100	Mediocre	2	70	Hi	40.7133	Marcy Ave. and Metropolitan Ave.	-73.954615	BK72	Jaime Campiz Playground	Williamsburg	N	1	70	19	Brooklyn	17	16	Brooklyn	https://i.imgsafe.org/de/de273a0a72.jpeg	https://i.imgur.com/H3mqV0T.jpg
20	100	Mediocre	2	65	Hi	40.658742	Jerome St. and Wortman Ave.	-73.87981	BK85	Jerome Playground	East New York	N	1	65	18	Brooklyn	6	21	Brooklyn	https://i.imgsafe.org/de/de1530ef00.jpeg	https://i.imgur.com/UFwvZsJ.jpg
15	100	Mediocre	2	57	Hi	40.691194	125 Stuyvesant Ave.	-73.932742	BK35	Jesse Owens Playground	Bedford-Stuyvesant	N	1	57	8	Brooklyn	25	9	Brooklyn	https://i.imgsafe.org/de/de152f0786.jpeg	https://i.imgur.com/SqTLBHy.jpg
6	100	Poor	2	34	Hi	40.639773	65th St. and 3rd Ave.	-74.023982	BK32	John Allen Payne Park	Sunset Park	N	1	34	11	Brooklyn	7	10	Brooklyn	https://i.imgsafe.org/de/de15385921.jpeg	https://i.imgur.com/mZEbS7h.jpg
12	100	Poor	2	42	Hi	40.682197	Hancock St. and Spencer Pl.	-73.954362	BK35	John Hancock Playground	Bedford-Stuyvesant	N	1	42	15	Brooklyn	6	9	Brooklyn	https://i.imgsafe.org/de/de154089d1.jpeg	https://i.imgur.com/lJK8Kli.jpg
10	100	Poor	2	43	Hi	40.613802	Fort Hamilton Pkwy and 97th St.	-74.029907	BK31	John J. Carty Park	Bay Ridge	N	1	43	3	Brooklyn	25	5	Brooklyn	https://i.imgsafe.org/de/de1542ef1e.jpeg	https://i.imgur.com/7WylEhF.jpg
24	100	Very Good	2	98	Hi	40.578232	Neptune Ave. and W 29th St.	-73.996292	BK21	Kaiser Park	Coney Island	Y	1	98	25	Brooklyn	25	24	Brooklyn	https://i.imgsafe.org/de/de154687ae.jpeg	https://i.imgur.com/2xABlmN.jpg
18	100	Mediocre	2	50	Hi	40.603873	Avenue S and E 15th St.	-73.957329	BK17	Kelly Playground (Brooklyn)	Sheepshead Bay	N	1	50	14	Brooklyn	7	11	Brooklyn	https://i.imgsafe.org/de/de1548ec72.jpeg	https://i.imgur.com/RRpfvuz.jpg
17	100	Poor	2	48	Hi	40.658601	304 E 93rd St	-73.922143	BK91	Kennedy King Playground	East Flatbush	N	1	48	12	Brooklyn	8	11	Brooklyn	https://i.imgsafe.org/de/de154c382f.jpeg	https://i.imgur.com/KpDfkAc.jpg
15	100	Poor	2	40	Hi	40.619916	1249 E 18th St.	-73.958117	BK43	Kolbert Playground	Midwood	N	1	40	11	Brooklyn	9	5	Brooklyn	https://i.imgsafe.org/de/de1551ac3d.jpeg	https://i.imgur.com/60tJYZm.jpg
5	100	Poor	2	42	Hi	40.709917	S. 5th St. and Havemeyer St.	-73.959457	BK72	La Guardia Playground	Williamsburg	N	1	42	10	Brooklyn	17	10	Brooklyn	https://i.imgsafe.org/de/de1559b123.jpeg	https://i.imgur.com/Xhronst.jpg
14	100	Mediocre	2	52	Hi	40.690123	273 Franklin Ave.	-73.957404	BK35	Lafayette Gardens Playground	Bedford-Stuyvesant	N	1	52	20	Brooklyn	3	15	Brooklyn	https://i.imgsafe.org/de/de155c47f0.jpeg	https://i.imgur.com/bclq1d2.jpg
14	100	Mediocre	2	62	Hi	40.594483	Benson Ave. and Bay 43rd St.	-73.985315	BK77	Lafayette Playground	Bushwick	N	1	62	15	Brooklyn	19	14	Brooklyn	https://i.imgsafe.org/de/de1553d688.jpeg	https://i.imgur.com/aR7MjHM.jpg
17	100	Very Good	2	79	Hi	40.6316	66th St. and 8th Ave.	-74.013064	BK31	Leif Ericson Park	Bay Ridge	N	1	79	17	Brooklyn	25	20	Brooklyn	https://i.imgsafe.org/de/de1562f63f.jpeg	https://i.imgur.com/Pmq5bAv.jpg
20	100	Mediocre	2	61	Hi	40.666326	Buffalo Ave. and E New York Ave.	-73.926503	BK61	Lincoln Terrace / Arthur S. Somers Park	Crown Heights	N	1	61	8	Brooklyn	23	10	Brooklyn	https://i.imgsafe.org/de/de1564828f.jpeg	https://i.imgur.com/ywTs7NN.jpg
22	100	Very Good	2	92	Hi	40.658816	559 Stanley Ave.	-73.886848	BK85	Linden Park	East New York	N	1	92	22	Brooklyn	25	23	Brooklyn	https://i.imgsafe.org/de/de157128fa.jpeg	https://i.imgur.com/bK640C9.jpg
17	100	Mediocre	2	66	Hi	40.613288	2200 Mill Ave.	-73.911825	BK45	Lindower Park	Bergen Beach	N	1	66	15	Brooklyn	10	24	Brooklyn	https://i.imgsafe.org/de/de156b5e46.jpeg	https://i.imgur.com/hy1cdPW.jpg
15	100	Mediocre	2	62	Hi	40.665998	786 Linwood St.	-73.880106	BK85	Linwood Playground	East New York	N	1	62	19	Brooklyn	14	14	Brooklyn	https://i.imgsafe.org/de/de15767fa0.jpeg	https://i.imgur.com/SAdMAlo.jpg
9	100	Poor	2	48	Hi	40.662698	Snediker Ave. and Riverdale Ave.	-73.899709	BK81	Lion's Pride Playground	Brownsville	N	1	48	13	Brooklyn	12	14	Brooklyn	https://i.imgsafe.org/de/de1578819d.jpeg	https://i.imgur.com/oglndN5.jpg
12	100	Poor	2	41	Hi	40.618957	71st St. and 16th Ave.	-73.998626	BK28	Lt. Joseph Petrosino Park	Bensonhurst	N	1	41	10	Brooklyn	7	12	Brooklyn	https://i.imgsafe.org/de/de157c4f94.jpeg	https://i.imgur.com/lcOEIW4.jpg
1	100	Poor	2	30	Hi	40.575883	Surf Ave. and W 10th St.	-73.977975	BK21	Luna Park	Coney Island	N	1	30	8	Brooklyn	18	3	Brooklyn	https://i.imgsafe.org/de/de157f31b7.jpeg	https://i.imgur.com/jaLgy1z.jpg
25	100	Mediocre	2	67	Hi	40.576753	Oriental Blvd. and Ocean Ave.	-73.94622	BK17	Manhattan Beach Park	Sheepshead Bay	N	1	67	10	Brooklyn	21	11	Brooklyn	https://i.imgsafe.org/de/de15831db4.jpeg	https://i.imgur.com/ndvWJ63.jpg
7	100	Poor	2	44	Hi	40.663475	350 Sterling St.	-73.94912	BK60	Marc's & Jason's Playground	Prospect Lefferts Gardens	N	1	44	15	Brooklyn	14	8	Brooklyn	https://i.imgsafe.org/de/de158679b6.jpeg	https://i.imgur.com/1wI9guV.jpg
4	100	Poor	2	28	Hi	40.707397	Marcy Ave. and Division Ave.	-73.958193	BK72	Marcy Park South	Williamsburg	N	1	28	10	Brooklyn	3	11	Brooklyn	https://i.imgsafe.org/de/de158c74e6.jpeg	https://i.imgur.com/xOpNgZN.jpg
21	100	Mediocre	2	64	Hi	40.695535	Marcy Ave. and Myrtle Ave.	-73.94951	BK35	Marcy Playground	Bedford-Stuyvesant	N	1	64	9	Brooklyn	14	20	Brooklyn	https://i.imgsafe.org/de/de158959b5.jpeg	https://i.imgur.com/fU8QSTi.jpg
24	100	Mediocre	2	65	Hi	40.703612	Starr St. and Irving Ave.	-73.924014	BK77	Maria Hernandez Park	Bushwick	N	1	65	11	Brooklyn	13	17	Brooklyn	https://i.imgsafe.org/de/de158f2be1.jpeg	https://i.imgur.com/yo3uFal.jpg
12	100	Mediocre	2	58	Hi	40.596896	Avenue X and Stuart St.	-73.927874	BK45	Marine Park (Dr. John's Playground)	Bergen Beach	N	1	58	15	Brooklyn	25	6	Brooklyn	https://i.imgsafe.org/de/de15931a43.jpeg	https://i.imgur.com/QudfCPI.jpg
21	100	Very Good	2	75	Hi	40.608609	Fillmore Ave. and E 31st St.	-73.936584	BK45	Marine Park (PS 278)	Bergen Beach	N	1	75	19	Brooklyn	25	10	Brooklyn	https://i.imgsafe.org/de/de15973d4a.jpeg	https://i.imgur.com/JwkIS45.jpg
24	100	Mediocre	2	63	Hi	40.681706	Marion St. and Thomas S Boyland St.	-73.913943	BK35	Marion Hopkinson Playground	Bedford-Stuyvesant	N	1	63	15	Brooklyn	7	17	Brooklyn	https://i.imgsafe.org/de/de15993822.jpeg	https://i.imgur.com/0eAzC5k.jpg
14	100	Mediocre	2	50	Hi	40.590944	2330 W 11th St.	-73.980861	BK26	Marlboro Playground	Gravesend	N	1	50	12	Brooklyn	14	10	Brooklyn	https://i.imgsafe.org/de/de15a1167f.jpeg	https://i.imgur.com/Crzt5jc.jpg
22	100	Very Good	2	76	Hi	40.667645	Blake Ave. and Miller Ave.	-73.890468	BK85	Martin Luther King Jr. Playground	East New York	N	1	76	20	Brooklyn	14	20	Brooklyn	https://i.imgsafe.org/de/de2ab3f635.jpeg	https://i.imgur.com/tIYhnOb.jpg
12	100	Poor	2	39	Hi	40.645922	2nd Ave. and 55th St.	-74.019702	BK32	Martin Luther Playground	Sunset Park	N	1	39	7	Brooklyn	14	6	Brooklyn	https://i.imgsafe.org/de/de2aae6a05.jpeg	https://i.imgur.com/5nmblEr.jpg
22	100	Mediocre	2	72	Hi	40.709149	Scholes St. and Graham Ave.	-73.944175	BK90	Martinez Playground	East Williamsburg	N	1	72	22	Brooklyn	7	21	Brooklyn	https://i.imgsafe.org/de/de2aad79f0.jpeg	https://i.imgur.com/Ohxfir0.jpg
18	100	Mediocre	2	60	Hi	40.721264	Manhattan Ave. and Engert Ave.	-73.949455	BK72	McCarren Park (Abate Playground)	Williamsburg	N	1	60	20	Brooklyn	7	15	Brooklyn	https://i.imgsafe.org/de/de2abaa392.jpeg	https://i.imgur.com/UGn2wyh.jpg
6	100	Poor	2	35	Hi	40.721408	Bedford Ave. and N 12th St.	-73.954534	BK72	McCarren Park (Bedford Ave. and N 12th St.)	Williamsburg	N	1	35	15	Brooklyn	9	5	Brooklyn	https://i.imgsafe.org/de/de2ab4bfda.jpeg	https://i.imgur.com/ixyqq1Y.jpg
17	100	Poor	2	47	Hi	40.626229	Bay Ridge Pkwy and Fort Hamilton Pkwy	-74.01664	BK30	McKinley Park	Dyker Heights	N	1	47	12	Brooklyn	10	8	Brooklyn	https://i.imgsafe.org/de/de2abac404.jpeg	https://i.imgur.com/O9GMZfD.jpg
24	100	Very Good	2	82	Hi	40.696384	Tillary St. and Jay St.	-73.986268	BK38	McLaughlin Park	Dumbo	N	1	82	21	Brooklyn	14	23	Brooklyn	https://i.imgsafe.org/de/de2ac4e124.jpeg	https://i.imgur.com/cr4PIvl.jpg
12	100	Poor	2	37	Hi	40.596812	Avenue V and E 14th St.	-73.957275	BK17	Mellett Playground	Sheepshead Bay	N	1	37	9	Brooklyn	6	10	Brooklyn	https://i.imgsafe.org/de/de2ac8acea.jpeg	https://i.imgur.com/wWOPI61.jpg
16	100	Mediocre	2	58	Hi	40.700835	40 Lynch St.	-73.955182	BK72	Middleton Playground	Williamsburg	N	1	58	9	Brooklyn	14	19	Brooklyn	https://i.imgsafe.org/de/de2acd9fc9.jpeg	https://i.imgur.com/X3JZzGH.jpg
18	100	Mediocre	2	54	Hi	40.571694	Surf Ave. and W 32nd St.	-73.996913	BK21	Nautilus Playground	Coney Island	N	1	54	19	Brooklyn	7	10	Brooklyn	https://i.imgsafe.org/de/de2ad0155a.jpeg	https://i.imgur.com/DX9tb1B.jpg
14	100	Mediocre	2	73	Hi	40.662432	405 Watkins St.	-73.905772	BK81	Nehemiah Park	Brownsville	N	1	73	20	Brooklyn	14	25	Brooklyn	https://i.imgsafe.org/de/de2ad45c74.jpeg	https://i.imgur.com/qqvE9Ry.jpg
4	100	Poor	2	34	Hi	40.578216	2840 W 12th St.	-73.980852	BK21	Neptune Playground	Coney Island	N	1	34	8	Brooklyn	7	15	Brooklyn	https://i.imgsafe.org/de/de2ad5e7f7.jpeg	https://i.imgur.com/ORuuzEx.jpg
15	100	Poor	2	47	Hi	40.661016	Riverdale Ave. and Thatford Ave.	-73.907274	BK81	Newport Playground	Brownsville	N	1	47	10	Brooklyn	13	9	Brooklyn	https://i.imgsafe.org/de/de2adab1d5.jpeg	https://i.imgur.com/PNx0We2.jpg
18	100	Mediocre	2	61	Hi	40.735925	Commercial St. and Dupont St.	-73.960354	BK76	Newtown Barge Playground	Greenpoint	N	1	61	15	Brooklyn	7	21	Brooklyn	https://i.imgsafe.org/de/de2adbf252.jpeg	https://i.imgur.com/srf61uI.jpg
16	100	Poor	2	48	Hi	40.684475	160 Wyckoff St.	-73.987634	BK37	Nicholas Naquan Heyward Jr. Park	Park Slope	N	1	48	9	Brooklyn	14	9	Brooklyn	https://i.imgsafe.org/de/de2ae23b4c.jpeg	https://i.imgur.com/KFScaaZ.jpg
10	100	Mediocre	2	53	Hi	40.638439	3002 Foster Ave.	-73.947037	BK91	Nostrand Playground	East Flatbush	N	1	53	9	Brooklyn	25	9	Brooklyn	https://i.imgsafe.org/de/de2ae2bb5f.jpeg	https://i.imgur.com/ND7SwWm.jpg
16	100	Mediocre	2	52	Hi	40.674417	Dean St. and Rockaway Ave.	-73.911803	BK81	Ocean Hill Playground	Brownsville	N	1	52	7	Brooklyn	21	8	Brooklyn	https://i.imgsafe.org/de/de2aeb247e.jpeg	https://i.imgur.com/GCZSPE6.jpg
12	100	Poor	2	40	Hi	40.693822	121 Adelphi St.	-73.971212	BK68	Oracle Playground	Fort Greene	N	1	40	12	Brooklyn	6	10	Brooklyn	https://i.imgsafe.org/de/de2a814ced.jpeg	https://i.imgur.com/kKtgH0h.jpg
12	100	Mediocre	2	58	Hi	40.655807	Hegeman Ave. and Thatford Ave.	-73.905976	BK81	Osborn Playground	Brownsville	N	1	58	10	Brooklyn	16	20	Brooklyn	https://i.imgsafe.org/de/de2a81510d.jpeg	https://i.imgur.com/cgrdLWJ.jpg
15	100	Mediocre	2	56	Hi	40.69773	Flushing Ave. and N. Oxford St.	-73.976039	BK68	Oxport Playground	Fort Greene	N	1	56	15	Brooklyn	14	12	Brooklyn	https://i.imgsafe.org/de/de2a8aeccd.jpeg	https://i.imgur.com/m3PvUMo.jpg
23	100	Very Good	2	77	Hi	40.638647	1421 Albany Ave.	-73.937815	BK91	Paerdegat Park	East Flatbush	N	1	77	22	Brooklyn	7	25	Brooklyn	https://i.imgsafe.org/de/de2a8a5d74.jpeg	https://i.imgur.com/yFFBlHy.jpg
22	100	Mediocre	2	72	Hi	40.690463	257 Adelphi St.	-73.97088	BK69	Parham Playground	Clinton Hill	N	1	72	9	Brooklyn	19	22	Brooklyn	https://i.imgsafe.org/de/de2a9150f5.jpeg	https://i.imgur.com/ROGvsft.jpg
25	100	Very Good	2	94	Hi	40.656561	164 Winthrop St.	-73.954026	BK60	Parkside Playground	Prospect Lefferts Gardens	N	1	94	23	Brooklyn	21	25	Brooklyn	https://i.imgsafe.org/de/de2a945516.jpeg	https://i.imgur.com/Q7oX5lI.jpg
6	100	Poor	2	26	Hi	40.619114	1157 80th St.	-74.013481	BK30	Patrick O'Rourke Park	Dyker Heights	N	1	26	8	Brooklyn	7	5	Brooklyn	https://i.imgsafe.org/de/de2a97edc2.jpeg	https://i.imgur.com/5husl0m.jpg
10	100	Poor	2	29	Hi	40.649172	47th St. and 3rd Ave.	-74.012131	BK32	Pena Herrera Park	Sunset Park	N	1	29	5	Brooklyn	7	7	Brooklyn	https://i.imgsafe.org/de/de2a9a7126.jpeg	https://i.imgur.com/SsUGgLQ.jpg
10	100	Mediocre	2	56	Hi	40.666319	1239 Stanley Ave.	-73.862883	BK85	Pink Playground	East New York	N	1	56	20	Brooklyn	8	18	Brooklyn	https://i.imgsafe.org/de/de2aa13294.jpeg	https://i.imgur.com/Pj6jn7F.jpg
13	100	Mediocre	2	61	Hi	40.644139	70 Avenue K	-73.892971	BK50	Playground 279	Canarsie	N	1	61	12	Brooklyn	20	16	Brooklyn	https://i.imgsafe.org/de/de2aa19331.jpeg	https://i.imgur.com/f0qhwJO.jpg
11	100	Poor	2	41	Hi	40.59092	2520 Batchelder St.	-73.938442	BK17	Playground 286	Sheepshead Bay	N	1	41	12	Brooklyn	7	11	Brooklyn	https://i.imgsafe.org/de/de2aa6eb17.jpeg	https://i.imgur.com/IhU60y2.jpg
17	100	Mediocre	2	65	Hi	40.682223	Tompkins Ave. and Halsey St.	-73.944333	BK35	Potomac Playground	Bedford-Stuyvesant	N	1	65	10	Brooklyn	25	13	Brooklyn	https://i.imgsafe.org/de/de2aa83500.jpeg	https://i.imgur.com/fZF9ap7.jpg
14	100	Mediocre	2	52	Hi	40.618406	1730 E 49th St.	-73.927603	BK58	Power Playground	Flatlands	N	1	52	16	Brooklyn	7	15	Brooklyn	https://i.imgsafe.org/de/de3de20e10.jpeg	https://i.imgur.com/khWVsq3.jpg
19	100	Mediocre	2	64	Hi	40.651569	Parade Pl. and Crooke Ave.	-73.966742	BK99	Prospect Park (Parade Grounds)	Prospect Park	N	1	64	18	Brooklyn	14	13	Brooklyn	https://i.imgsafe.org/de/de3de88c1c.jpeg	https://i.imgur.com/sPdMxiX.jpg
19	100	Very Good	2	88	Hi	40.693853	223 Pulaski St.	-73.941397	BK35	Pulaski Playground	Bedford-Stuyvesant	N	1	88	24	Brooklyn	23	22	Brooklyn	https://i.imgsafe.org/de/de3deaa8bd.jpeg	https://i.imgur.com/4hpXhJq.jpg
16	100	Mediocre	2	52	Hi	40.640601	5523 6th Ave.	-74.011007	BK32	Rainbow Playground	Sunset Park	N	1	52	8	Brooklyn	18	10	Brooklyn	https://i.imgsafe.org/de/de3df2394a.jpeg	https://i.imgur.com/2FhgFOl.jpg
23	100	Very Good	2	75	Hi	40.706022	318 McKibbin St.	-73.934143	BK90	Ramirez Playground	East Williamsburg	N	1	75	20	Brooklyn	10	22	Brooklyn	https://i.imgsafe.org/de/de3df1d0da.jpeg	https://i.imgur.com/rmKwqE8.jpg
20	100	Mediocre	2	57	Hi	40.636882	53rd St. and Fort Hamilton Pkwy	-74.000707	BK88	Rappaport Playground	Borough Park	N	1	57	19	Brooklyn	7	11	Brooklyn	https://i.imgsafe.org/de/de3dfbfc3c.jpeg	https://i.imgur.com/6JQQyp9.jpg
17	100	Mediocre	2	65	Hi	40.68654	458 Monroe St.	-73.939872	BK35	Raymond Bush Playground	Bedford-Stuyvesant	N	1	65	13	Brooklyn	19	16	Brooklyn	https://i.imgsafe.org/de/de3dfafbb8.jpeg	https://i.imgur.com/WwU0VHx.jpg
20	100	Very Good	2	81	Hi	40.673888	Lorraine St. and Henry St.	-74.003975	BK33	Red Hook Recreation Area	Carroll Gardens - Red Hook	N	1	81	16	Brooklyn	25	20	Brooklyn	https://i.imgsafe.org/de/de3e03d7e0.jpeg	https://i.imgur.com/Hp7sncT.jpg
20	100	Mediocre	2	68	Hi	40.687674	Madison St. and Patchem Ave.	-73.92662	BK35	Reinaldo Salgado Playground	Bedford-Stuyvesant	N	1	68	15	Brooklyn	13	20	Brooklyn	https://i.imgsafe.org/de/de3e04ba88.jpeg	https://i.imgur.com/sCdXJ6i.jpg
15	100	Mediocre	2	62	Hi	40.642354	1100 Glenwood Rd	-73.907325	BK50	Remsen Playground	Canarsie	N	1	62	22	Brooklyn	9	16	Brooklyn	https://i.imgsafe.org/de/de3e0a43e2.jpeg	https://i.imgur.com/MCFVvyv.jpg
15	100	Mediocre	2	70	Hi	40.709074	Rodney St. and S 5th St.	-73.956351	BK72	Rodney Park North	Williamsburg	N	1	70	20	Brooklyn	13	22	Brooklyn	https://i.imgsafe.org/de/de3e0aebc6.jpeg	https://i.imgur.com/L5Ih3Di.jpg
11	100	Mediocre	2	55	Hi	40.707546	Rodney St. and S 9th St.	-73.957265	BK72	Rodney Park South	Williamsburg	N	1	55	15	Brooklyn	14	15	Brooklyn	https://i.imgsafe.org/de/de3e11f7db.jpeg	https://i.imgur.com/V6WfaBJ.jpg
7	100	Poor	2	32	Hi	40.706428	Wilson St. and Lee Ave.	-73.961165	BK72	Roebling Playground	Williamsburg	N	1	32	8	Brooklyn	12	5	Brooklyn	https://i.imgsafe.org/de/de3e135fb3.jpeg	https://i.imgur.com/0gjd7yS.jpg
8	100	Mediocre	2	56	Hi	40.682959	70 Aberdeen St.	-73.905414	BK77	Rudd Playground	Bushwick	N	1	56	15	Brooklyn	16	17	Brooklyn	https://i.imgsafe.org/de/de3e199b85.jpeg	https://i.imgur.com/GyDl2Da.jpg
23	100	Mediocre	2	68	Hi	40.626101	Colonial Rd. and 84th St.	-74.036272	BK31	Russell Pedersen Playground	Bay Ridge	N	1	68	15	Brooklyn	9	21	Brooklyn	https://i.imgsafe.org/de/de3e1ec1c5.jpeg	https://i.imgur.com/554ouNZ.jpg
4	100	Poor	2	22	Hi	40.675576	Pacific St. and Thomas S. Boyland St.	-73.914527	BK61	Saratoga Ballfields	Crown Heights	N	1	22	10	Brooklyn	3	5	Brooklyn	https://i.imgsafe.org/de/de3e201fda.jpeg	https://i.imgur.com/UjZRkiG.jpg
14	100	Poor	2	43	Hi	40.594621	2125 W 13th St.	-73.98433	BK26	Scarangella Park	Gravesend	N	1	43	10	Brooklyn	7	12	Brooklyn	https://i.imgsafe.org/de/de3e2548e9.jpeg	https://i.imgur.com/JyqJO6H.jpg
8	100	Poor	2	33	Hi	40.665661	Barbey St. and Livonia Ave.	-73.885989	BK85	Schenck Playground	East New York	N	1	33	10	Brooklyn	8	7	Brooklyn	https://i.imgsafe.org/de/de3e2611fa.jpeg	https://i.imgur.com/Yh600UC.jpg
19	100	Mediocre	2	67	Hi	40.607951	7217 Bay Pkwy	-73.986025	BK28	Seth Low Playground	Bensonhurst	N	1	67	12	Brooklyn	25	11	Brooklyn	https://i.imgsafe.org/de/de3e2bc76b.jpeg	https://i.imgur.com/NqKif9P.jpg
12	100	Mediocre	2	60	Hi	40.723919	Vandervoort Ave. and Cherry St.	-73.937142	BK76	Sgt. William Dougherty Playground	Greenpoint	N	1	60	14	Brooklyn	16	18	Brooklyn	https://i.imgsafe.org/de/de3e2c4154.jpeg	https://i.imgur.com/AHEMlUP.jpg
19	100	Mediocre	2	57	Hi	40.588868	E 29th St. and Avenue Z	-73.940447	BK17	Sheepshead Playground	Sheepshead Bay	N	1	57	14	Brooklyn	14	10	Brooklyn	https://i.imgsafe.org/de/de3e32527e.jpeg	https://i.imgur.com/wbLLywI.jpg
25	100	Very Good	2	89	Hi	40.631184	Shore Rd. and 79th St.	-74.039721	BK31	Shore Park And Parkway	Bay Ridge	N	1	89	20	Brooklyn	21	23	Brooklyn	https://i.imgsafe.org/de/de3e3323ae.jpeg	https://i.imgur.com/LJMs7mI.jpg
12	100	Poor	2	48	Hi	40.686804	358 Schermerhorn St.	-73.980989	BK37	Sixteen Sycamores Playground	Park Slope	N	1	48	12	Brooklyn	12	12	Brooklyn	https://i.imgsafe.org/de/de3e38c98c.jpeg	https://i.imgur.com/1ikORXb.jpg
15	100	Very Good	2	75	Hi	40.675684	707 Dean St.	-73.920845	BK61	South Pacific Playground	Crown Heights	N	1	75	20	Brooklyn	21	19	Brooklyn	https://i.imgsafe.org/de/de3e392b92.jpeg	https://i.imgur.com/90lk7zG.jpg
16	100	Poor	2	29	Hi	40.676399	Liberty Ave. and Elton St.	-73.884427	BK85	Sperandeo Brothers Playground	East New York	N	1	29	0	Brooklyn	8	5	Brooklyn	https://i.imgsafe.org/de/de3e42cd09.jpeg	https://i.imgur.com/cP96HtA.jpg
13	100	Mediocre	2	56	Hi	40.678434	Atlantic Ave. and Kingston Ave.	-73.941664	BK35	St. Andrew's Playground	Bedford-Stuyvesant	N	1	56	9	Brooklyn	25	9	Brooklyn	https://i.imgsafe.org/de/de3e4e79ef.jpeg	https://i.imgur.com/lP9U4ti.jpg
21	100	Very Good	2	87	Hi	40.673759	Prospect Pl. and Schenectady Ave.	-73.934012	BK61	St. John's Recreation Center	Crown Heights	N	1	87	20	Brooklyn	21	25	Brooklyn	https://i.imgsafe.org/de/de6184726e.jpeg	https://i.imgur.com/eE9D7RB.jpg
13	100	Mediocre	2	50	Hi	40.676134	Smith St. and Nelson St.	-73.997213	BK33	St. Mary's Park	Carroll Gardens - Red Hook	N	1	50	12	Brooklyn	14	11	Brooklyn	https://i.imgsafe.org/de/de3e4e2b7a.jpeg	https://i.imgur.com/BHzVEGS.jpg
20	100	Poor	2	49	Hi	40.691608	955 Kent Ave.	-73.958076	BK69	Star Spangled Banner Playground	Clinton Hill	N	1	49	16	Brooklyn	8	5	Brooklyn	https://i.imgsafe.org/de/de3e54b5c1.jpeg	https://i.imgur.com/Xs8Pla2.jpg
20	100	Mediocre	2	72	Hi	40.705818	Lorimer St. and Boerum St.	-73.947481	BK90	Sternberg Park	East Williamsburg	N	1	72	18	Brooklyn	13	21	Brooklyn	https://i.imgsafe.org/de/de3e557774.jpeg	https://i.imgur.com/RDDPST6.jpg
8	100	Poor	2	46	Hi	40.69774	Steuben St. and Flushing Ave.	-73.963262	BK69	Steuben Playground	Clinton Hill	N	1	46	15	Brooklyn	14	9	Brooklyn	https://i.imgsafe.org/de/de3dde2785.jpeg	https://i.imgur.com/hkpcYVs.jpg
9	100	Poor	2	29	Hi	40.697149	662 Park Ave.	-73.949005	BK35	Stockton Playground	Bedford-Stuyvesant	N	1	29	8	Brooklyn	7	5	Brooklyn	https://i.imgsafe.org/de/de618544b6.jpeg	https://i.imgur.com/Br0Xs6a.jpg
11	100	Poor	2	32	Hi	40.674985	500 Park Pl	-73.961799	BK61	Stroud Playground	Crown Heights	N	1	32	10	Brooklyn	3	8	Brooklyn	https://i.imgsafe.org/de/de620b9567.jpeg	https://i.imgur.com/3UZHqBl.jpg
15	100	Poor	2	38	Hi	40.697611	211 Throop Ave.	-73.943156	BK35	Sumner Playground	Bedford-Stuyvesant	N	1	38	9	Brooklyn	7	7	Brooklyn	https://i.imgsafe.org/de/de620f2c60.jpeg	https://i.imgur.com/5zMGz8V.jpg
24	100	Very Good	2	79	Hi	40.647993	41st St. and 6th Ave.	-74.003133	BK32	Sunset Park	Sunset Park	N	1	79	16	Brooklyn	25	14	Brooklyn	https://i.imgsafe.org/de/de62152fb1.jpeg	https://i.imgur.com/7UWHFdF.jpg
18	100	Mediocre	2	64	Hi	40.573824	Surf Ave. and W 27th St.	-73.992516	BK19	Surf Playground	Brighton Beach	N	1	64	18	Brooklyn	14	14	Brooklyn	https://i.imgsafe.org/de/de62191232.jpeg	https://i.imgur.com/hvpLRlg.jpg
10	100	Poor	2	43	Hi	40.695362	103 Taaffe Pl	-73.960734	BK35	Taaffe Playground	Bedford-Stuyvesant	N	1	43	10	Brooklyn	14	9	Brooklyn	https://i.imgsafe.org/de/de621b7a91.jpeg	https://i.imgur.com/BuAVKVZ.jpg
13	100	Poor	2	34	Hi	40.709018	242 Scholes St.	-73.93894	BK90	Ten Eyck Playground	East Williamsburg	N	1	34	10	Brooklyn	3	8	Brooklyn	https://i.imgsafe.org/de/de6220569e.jpeg	https://i.imgur.com/fK40qix.jpg
13	100	Mediocre	2	64	Hi	40.680094	Degraw St. and 3rd Ave.	-73.985245	BK33	Thomas Greene Playground	Carroll Gardens - Red Hook	N	1	64	11	Brooklyn	20	20	Brooklyn	https://i.imgsafe.org/de/de62233d75.jpeg	https://i.imgur.com/U6RV1EJ.jpg
12	100	Poor	2	47	Hi	40.688178	Eldert St. and Evergreen Ave.	-73.911278	BK77	Tiger Playground	Bushwick	N	1	47	12	Brooklyn	12	11	Brooklyn	https://i.imgsafe.org/de/de6226dc47.jpeg	https://i.imgur.com/dLBW1OJ.jpg
12	100	Poor	2	46	Hi	40.647722	Tilden Ave. and E 48th St.	-73.931692	BK91	Tilden Playground	East Flatbush	N	1	46	12	Brooklyn	11	11	Brooklyn	https://i.imgsafe.org/de/de622a9a61.jpeg	https://i.imgur.com/moswRpB.jpg
20	100	Mediocre	2	61	Hi	40.690029	Columbia St. and Congress St.	-73.999815	BK37	Van Voorhees Park	Park Slope	N	1	61	13	Brooklyn	10	18	Brooklyn	https://i.imgsafe.org/de/de622e10de.jpeg	https://i.imgur.com/JH6B9lB.jpg
23	100	Mediocre	2	63	Hi	40.587685	2522 W 1st St.	-73.97035	BK26	West Playground	Gravesend	N	1	63	12	Brooklyn	14	14	Brooklyn	https://i.imgsafe.org/de/de62313818.jpeg	https://i.imgur.com/3N31O0U.jpg
14	100	Mediocre	2	54	Hi	40.715422	Wythe Ave. and Grand St.	-73.964379	BK72	William Sheridan Playground	Williamsburg	N	1	54	15	Brooklyn	10	15	Brooklyn	https://i.imgsafe.org/de/de6234cba4.jpeg	https://i.imgur.com/fu9Bgm0.jpg
10	100	Poor	2	33	Hi	40.694296	Willoughby Ave. and Tompkins Ave.	-73.946942	BK35	Willoughby Playground	Bedford-Stuyvesant	N	1	33	9	Brooklyn	9	5	Brooklyn	https://i.imgsafe.org/de/de61f9ac5e.jpeg	https://i.imgur.com/jK51ELT.jpg
9	100	Poor	2	37	Hi	40.642862	E 101st St. and Avenue K	-73.894983	BK50	Wilson Playground	Canarsie	N	1	37	9	Brooklyn	14	5	Brooklyn	https://i.imgsafe.org/de/de61fac79d.jpeg	https://i.imgur.com/x40aH9d.jpg
15	100	Mediocre	2	57	Hi	40.659254	Brooklyn Ave. and Fenimore St.	-73.944337	BK91	Wingate Park	East Flatbush	N	1	57	9	Brooklyn	25	8	Brooklyn	https://i.imgsafe.org/de/de62022b99.jpeg	https://i.imgur.com/AEJCi2h.jpg
10	100	Poor	2	21	Hi	40.665236	Hemlock St. and Stanley Ave.	-73.866139	BK85	Woodruff Playground	East New York	N	1	21	0	Brooklyn	3	8	Brooklyn	https://i.imgsafe.org/de/de6201eb0e.jpeg	https://i.imgur.com/MPSi3I4.jpg
12	100	Mediocre	2	53	Hi	40.674508	1616 Bergen St.	-73.928769	BK61	Woods Playground	Crown Heights	N	1	53	12	Brooklyn	14	15	Brooklyn	https://i.imgsafe.org/de/de62090250.jpeg	https://i.imgur.com/vKSMS1j.jpg
10	100	Mediocre	2	50	Hi	40.7595	York Ave. and E. 60th	-73.9586	MN40	24 Sycamores Playground	Upper East Side	N	1	50	15	Manhattan	10	15	Manhattan	https://i.imgsafe.org/da/da410c306b.jpeg	https://i.imgur.com/qwyB5eo.jpg
20	100	Very Good	2	80	Hi	40.8122	135 St. & Madison Ave.	-73.9376	MN33	Abraham Lincoln Playground	East Harlem	N	1	80	25	Manhattan	10	25	Manhattan	https://i.imgsafe.org/da/da411619e4.jpeg	https://i.imgur.com/CUfFTZn.jpg
15	100	Mediocre	2	50	Hi	40.8229	W. 140 St. & Hamilton Pl.	-73.9515	MN04	Alexander Hamilton Playground	Hamilton Heights	N	1	50	15	Manhattan	10	10	Manhattan	https://i.imgsafe.org/da/da411679c0.jpeg	https://i.imgur.com/oAsRY7O.jpg
10	100	Mediocre	2	55	Hi	40.710369	Catherine Slip	-73.997868	MN28	Alfred E. Smith Playground	Lower East Side	N	1	55	10	Manhattan	15	20	Manhattan	https://i.imgsafe.org/da/da411ee11e.jpeg	https://i.imgur.com/50vJ62q.jpg
15	100	Mediocre	2	50	Hi	40.7364	E. 23 St. & FDR Drive	-73.9753	MN21	Asser Levy Playground	Gramercy	N	1	50	20	Manhattan	5	10	Manhattan	https://i.imgsafe.org/da/da410c83ae.jpeg	https://i.imgur.com/WVYyg5m.jpg
5	100	Poor	2	25	Hi	40.8414	170 St. & Audubon Ave.	-73.9385	MN35	Audubon Playground	Washington Heights	N	1	25	5	Manhattan	10	5	Manhattan	https://i.imgsafe.org/c7/c78300e01d.jpeg	https://i.imgur.com/SmM5nXb.jpg
20	100	Mediocre	2	65	Hi	40.7353	E. 19 St. & 2 Ave.	-73.9821	MN21	Augustus Saint-Garden's Playground	Gramercy	N	1	65	20	Manhattan	10	15	Manhattan	https://i.imgsafe.org/c7/c78301140d.jpeg	https://i.imgur.com/dkt9AA3.jpg
10	100	Mediocre	2	50	Hi	40.7172	Rivington St. & Baruch Place	-73.9766	MN28	Baruch Playground	Lower East Side	N	1	50	15	Manhattan	10	15	Manhattan	https://i.imgsafe.org/c7/c78300e01d.jpeg	https://i.imgur.com/uH5H5Rw.jpg
20	100	Mediocre	2	65	Hi	40.7397	E. 26 St. & 2 Ave.	-73.9785	MN21	Bellevue South Playground	Gramercy	N	1	65	20	Manhattan	5	20	Manhattan	https://i.imgsafe.org/c7/c78308fc92.jpeg	https://i.imgur.com/AMJuJoe.jpg
10	100	Mediocre	2	60	Hi	40.7885	104 St. & 2 Ave.	-73.9443	MN33	Blake Hobbs Park	East Harlem	N	1	60	20	Manhattan	15	15	Manhattan	https://i.imgsafe.org/c7/c7830e89a0.jpeg	https://i.imgur.com/UDMGIG7.jpg
5	100	Poor	2	40	Hi	40.799	W. 104 St. & Amsterdam Ave.	-73.966	MN09	Bloomingdale Playground	Morningside Heights	N	1	40	10	Manhattan	15	10	Manhattan	https://i.imgsafe.org/c7/c7831009f2.jpeg	https://i.imgur.com/ncHXSHt.jpg
10	100	Poor	2	45	Hi	40.8253	W. 150 St. & 7 Ave.	-73.9372	MN35	Bo Jangles Playground	Washington Heights	N	1	45	10	Manhattan	10	15	Manhattan	https://i.imgsafe.org/c7/c783156dc6.jpeg	https://i.imgur.com/91twmaX.jpg
10	100	Poor	2	45	Hi	40.8011	W. 108 St. & Columbus Ave.	-73.9641	MN09	Booker T. Washington Playground	Morningside Heights	N	1	45	15	Manhattan	10	10	Manhattan	https://i.imgsafe.org/c7/c7831651c5.jpeg	https://i.imgur.com/eyxnKBw.jpg
25	100	Mediocre	2	70	Hi	40.7739	E. 84 St. & York Ave.	-73.9441	MN40	Carl Schurz Park	Upper East Side	N	1	70	15	Manhattan	10	20	Manhattan	https://i.imgsafe.org/c7/c7831ed2be.jpeg	https://i.imgur.com/QlphWtT.jpg
10	100	Mediocre	2	55	Hi	40.8294	W. 151 to 152 Sts. and Amsterdam Ave.	-73.9443	MN35	Carmansville Playground	Washington Heights	N	1	55	20	Manhattan	15	10	Manhattan	https://i.imgsafe.org/c7/c7831d1c22.jpeg	https://i.imgur.com/JgRb7dj.jpg
15	100	Very Good	2	80	Hi	40.781212	Great Lawn	-73.966645	MN99	Central Park (Great Lawn)	Central Park	Y	1	80	25	Manhattan	20	20	Manhattan	https://i.imgsafe.org/c7/c78323def7.jpeg	https://i.imgur.com/8wcJExr.jpg
15	100	Very Good	2	85	Hi	40.791776	North Meadow (mid-park at 97th Street)	-73.958759	MN99	Central Park (North Meadow)	Central Park	Y	1	85	25	Manhattan	20	25	Manhattan	https://i.imgsafe.org/c7/c783283ffa.jpeg	https://i.imgur.com/P3GweZF.jpg
10	100	Mediocre	2	50	Hi	40.7498	W. 28 St. between 9 and 10 Aves.	-74.0004	MN23	Chelsea Park	West Village	N	1	50	15	Manhattan	10	15	Manhattan	https://i.imgsafe.org/c7/c78329d5fa.jpeg	https://i.imgur.com/3vs0NBM.jpg
15	100	Mediocre	2	60	Hi	40.7113	Clinton, Cherry and Water Sts.	-73.9861	MN28	Cherry Playground	Lower East Side	N	1	60	15	Manhattan	15	15	Manhattan	https://i.imgsafe.org/c7/c7832e9a33.jpeg	https://i.imgur.com/fS1tIO9.jpg
25	100	Very Good	2	90	Hi	40.787152	E. 99 St. & 3 Ave.	-73.947263	MN33	Cherry Tree Park	East Harlem	Y	1	90	20	Manhattan	25	20	Manhattan	https://i.imgsafe.org/c7/c78330f36d.jpeg	https://i.imgur.com/Xd2bLJM.jpg
15	100	Mediocre	2	65	Hi	40.819335	W. 145 St. & Lenox Ave.	-73.935526	MN35	Col. Young Playground (North)	Washington Heights	N	1	65	20	Manhattan	15	15	Manhattan	https://i.imgsafe.org/c7/c783353397.jpeg	https://i.imgur.com/9WVlfwU.jpg
15	100	Mediocre	2	65	Hi	40.818815	W. 143 to 144 St. and Hudson River Dr.	-73.935349	MN35	Col. Young Playground (South)	Washington Heights	N	1	65	15	Manhattan	20	15	Manhattan	https://i.imgsafe.org/c7/c783375422.jpeg	https://i.imgur.com/SjigY4x.jpg
20	100	Very Good	2	90	Hi	40.7145	Worth & Mulberry Sts.	-74	MN27	Columbus Park	Chinatown	Y	1	90	25	Manhattan	20	25	Manhattan	https://i.imgsafe.org/c7/c7833b19bb.jpeg	https://i.imgur.com/9U4UhUU.jpg
20	100	Very Good	2	80	Hi	40.739087	Hudson St. between Gansevoort and Horatio Sts.	-74.004879	MN23	Corp. Seravalli Park	West Village	N	1	80	20	Manhattan	20	20	Manhattan	https://i.imgsafe.org/c7/c78340d100.jpeg	https://i.imgur.com/9VAwSxN.jpg
20	100	Mediocre	2	70	Hi	40.8099	130 to 131 Sts. and 5th Ave.	-73.94	MN33	Courtney Callender Playground	East Harlem	Y	1	70	20	Manhattan	10	20	Manhattan	https://i.imgsafe.org/c7/c78342198c.jpeg	https://i.imgur.com/SxINZwi.jpg
5	100	Mediocre	2	70	Hi	40.8044	E. 128 St. & 2 Ave.	-73.9318	MN33	Crack is Wack Playground	East Harlem	N	1	70	20	Manhattan	20	25	Manhattan	https://i.imgsafe.org/da/da483ecfda.jpeg	https://i.imgur.com/ZPho9TV.jpg
25	100	Very Good	2	85	Hi	40.7685	W. 53rd St. between 11 and 12 Aves.	-73.9947	MN12	De Witt Clinton Park	Upper West Side	Y	1	85	25	Manhattan	15	20	Manhattan	https://i.imgsafe.org/da/da48486334.jpeg	https://i.imgur.com/9WhwRI1.jpg
10	100	Poor	2	35	Hi	40.721607	Spring & Mulberry Sts.	-73.996079	MN24	DeSalvio Playground	SoHo	N	1	35	10	Manhattan	5	10	Manhattan	https://i.imgsafe.org/da/da483f0ee0.jpeg	https://i.imgur.com/nZGi04L.jpg
10	100	Poor	2	45	Hi	40.7253	E. 10 St. & Ave. D	-73.9752	MN50	Dry Dock Park	East Village	N	1	45	15	Manhattan	10	10	Manhattan	https://i.imgsafe.org/da/da4848a218.jpeg	https://i.imgur.com/jvltMoO.jpg
25	100	Very Good	2	95	Hi	40.8624	W. 204 St. & Nagles Ave.	-73.9211	MN01	Dyckman Park	Inwood	Y	1	95	25	Manhattan	20	25	Manhattan	https://i.imgsafe.org/da/da48510754.jpeg	https://i.imgur.com/fEgzC6x.jpg
5	100	Mediocre	2	50	Hi	40.80695	E. 120 St. & FDR Drive	-73.93539	MN33	Each One Teach One Playground	East Harlem	N	1	50	20	Manhattan	10	15	Manhattan	https://i.imgsafe.org/da/da48560edd.jpeg	https://i.imgur.com/oG4yQ5w.jpg
10	100	Poor	2	40	Hi	40.704802	Fletcher St. & FDR Drive	-74.003522	MN27	East River Esplanade	Lower East Side	N	1	40	10	Manhattan	5	15	Manhattan	https://i.imgsafe.org/da/da48587d96.jpeg	https://i.imgur.com/iTYwWky.jpg
20	100	Mediocre	2	65	Hi	40.714342	FDR Drive and Delancey St.	-73.976308	MN28	East River Mini Field	Lower East Side	N	1	65	15	Manhattan	10	20	Manhattan	https://i.imgsafe.org/da/da485cfb87.jpeg	https://i.imgur.com/ljCh1SG.jpg
20	100	Mediocre	2	60	Hi	40.7249	E. 10 St. & FDR Drive	-73.9724	MN50	East River Park	East Village	N	1	60	10	Manhattan	10	20	Manhattan	https://i.imgsafe.org/da/da485e317f.jpeg	https://i.imgur.com/Wpz5J50.jpg
10	100	Mediocre	2	50	Hi	40.7891	106 St. & FDR Drive	-73.9385	MN33	East River Playground	East Harlem	N	1	50	10	Manhattan	15	15	Manhattan	https://i.imgsafe.org/da/da4865de2c.jpeg	https://i.imgur.com/wFmgsjZ.jpg
15	100	Mediocre	2	50	Hi	40.7218	Essex, Norfolk and E. Houston St.	-73.986	MN28	Essex Playground	Lower East Side	N	1	50	15	Manhattan	5	15	Manhattan	https://i.imgsafe.org/da/da4864e6b4.jpeg	https://i.imgur.com/tc2W1S3.jpg
10	100	Mediocre	2	50	Hi	40.8173	139 to 140 Sts. and Lenox Ave.	-73.9392	MN03	Fred Samuels Playground	Harlem	N	1	50	15	Manhattan	10	15	Manhattan	https://i.imgsafe.org/da/da486b0a7c.jpeg	https://i.imgur.com/pfgSB9A.jpg
15	100	Mediocre	2	55	Hi	40.7969	W. 100 to 102 Sts. and Amsterdam Ave.	-73.9679	MN09	Frederick Douglass Playground	Morningside Heights	N	1	55	15	Manhattan	10	15	Manhattan	https://i.imgsafe.org/da/da486c094e.jpeg	https://i.imgur.com/lFuhXch.jpg
10	100	Poor	2	40	Hi	40.8579	Ft. George Ave. & W. 192 St.	-73.9247	MN01	Ft. George Playground	Inwood	N	1	40	10	Manhattan	10	10	Manhattan	https://i.imgsafe.org/da/da48720871.jpeg	https://i.imgur.com/jfb98Ta.jpg
10	100	Mediocre	2	60	Hi	40.850671	Hudson River Greenway	-73.945212	MN35	Ft. Washington Playground	Washington Heights	N	1	60	15	Manhattan	20	15	Manhattan	https://i.imgsafe.org/da/da48742310.jpeg	https://i.imgur.com/XwIq76H.jpg
15	100	Mediocre	2	60	Hi	40.7222	Grand & Canal Sts.	-74.0051	MN24	Grand & Canal Courts	SoHo	N	1	60	20	Manhattan	5	20	Manhattan	https://i.imgsafe.org/da/da48783233.jpeg	https://i.imgur.com/2WUoATR.jpg
5	100	Poor	2	40	Hi	40.7159	Columbia & Delancey Sts.	-73.9819	MN28	Gulick Playground	Lower East Side	N	1	40	15	Manhattan	15	5	Manhattan	https://i.imgsafe.org/da/da487cdeeb.jpeg	https://i.imgur.com/acELKyO.jpg
15	100	Mediocre	2	50	Hi	40.7636	W. 49 St. between 9 and 10 Aves.	-73.9902	MN17	Gutenberg Playground	Midtown	N	1	50	10	Manhattan	15	10	Manhattan	https://i.imgsafe.org/da/da487dfd13.jpeg	https://i.imgur.com/bf2sJAc.jpg
20	100	Mediocre	2	65	Hi	40.7194	128 Pitt St.	-73.9806	MN28	Hamilton Fish Playground	Lower East Side	N	1	65	20	Manhattan	10	15	Manhattan	https://i.imgsafe.org/da/da48841805.jpeg	https://i.imgur.com/8eYP7ue.jpg
20	100	Very Good	2	75	Hi	40.7956	W. 98 Sts. & Amsterdam Ave.	-73.9683	MN12	Happy Warrior Playground	Upper West Side	N	1	75	20	Manhattan	20	15	Manhattan	https://i.imgsafe.org/da/da488525f3.jpeg	https://i.imgur.com/far1qnM.jpg
5	100	Poor	2	35	Hi	40.826	151 to 154 Sts. and Hudson River Drive	-73.9348	MN03	Harlem Lane Playground	Harlem	N	1	35	10	Manhattan	15	5	Manhattan	https://i.imgsafe.org/da/da488ad233.jpeg	https://i.imgur.com/706M56k.jpg
10	100	Poor	2	40	Hi	40.763	W. 47 St. & 10 Ave.	-73.9926	MN17	Hell's Kitchen Park	Midtown	N	1	40	10	Manhattan	10	10	Manhattan	https://i.imgsafe.org/da/da488af3eb.jpeg	https://i.imgur.com/cHoIB9E.jpg
20	100	Mediocre	2	70	Hi	40.7832	W. 76 St. & Riverside Drive	-73.985	MN12	Henry Neufeld Playground	Upper West Side	N	1	70	15	Manhattan	20	15	Manhattan	https://i.imgsafe.org/da/da4891a304.jpeg	https://i.imgur.com/1e5439o.jpg
20	100	Mediocre	2	70	Hi	40.8448	W. 175 St. & Amsterdam Ave.	-73.9328	MN01	Highbridge Park	Inwood	N	1	70	20	Manhattan	15	15	Manhattan	https://i.imgsafe.org/da/da489265ed.jpeg	https://i.imgur.com/m7fCSl4.jpg
15	100	Mediocre	2	70	Hi	40.8135	135 St. & Lenox Terrace	-73.9387	MN33	Howard Bennett Playground	East Harlem	N	1	70	25	Manhattan	5	25	Manhattan	https://i.imgsafe.org/da/da4897f656.jpeg	https://i.imgur.com/sAvzj6i.jpg
20	100	Very Good	2	80	Hi	40.8703	207 St.	-73.922	MN01	Inwood Park	Inwood	N	1	80	25	Manhattan	15	20	Manhattan	https://i.imgsafe.org/da/da4898a52b.jpeg	https://i.imgur.com/MkgAx5n.jpg
10	100	Poor	2	35	Hi	40.8466	176 St. & Ft. Washington Ave.	-73.9406	MN35	J. Hood Wright Playground	Washington Heights	N	1	35	10	Manhattan	5	10	Manhattan	https://i.imgsafe.org/da/da489dfe9a.jpeg	https://i.imgur.com/Aiu4fnx.jpg
10	100	Mediocre	2	50	Hi	40.824295	150 St. & Bradhurst Ave.	-73.942165	MN04	Jackie Robinson Park	Hamilton Heights	N	1	50	15	Manhattan	10	15	Manhattan	https://i.imgsafe.org/da/da489ed8ae.jpeg	https://i.imgur.com/tp84XRQ.jpg
20	100	Mediocre	2	70	Hi	40.7139	Jackson St. between Madison & Henry Sts.	-73.9813	MN28	Jackson Playground	Lower East Side	N	1	70	15	Manhattan	20	15	Manhattan	https://i.imgsafe.org/da/da48a4934e.jpeg	https://i.imgur.com/vgU0yTn.jpg
25	100	Mediocre	2	65	Hi	40.8591	Cabrini Blvd. & Cobrin Circle	-73.9349	MN01	Jacob Javits Playground	Inwood	N	1	65	15	Manhattan	10	15	Manhattan	https://i.imgsafe.org/da/da48a8bc64.jpeg	https://i.imgur.com/YXd0Zz3.jpg
15	100	Mediocre	2	70	Hi	40.8203	W. 136 St. & Amsterdam Ave.	-73.9524	MN03	Jacob Schiff Playground	Harlem	N	1	70	15	Manhattan	20	20	Manhattan	https://i.imgsafe.org/da/da7de7f5f7.jpeg	https://i.imgur.com/KJenn6w.jpg
15	100	Poor	2	45	Hi	40.7973	E. 115 St. & Lexington Ave.	-73.9419	MN33	James Weldon Playground	East Harlem	N	1	45	15	Manhattan	5	10	Manhattan	https://i.imgsafe.org/da/da7de7ec71.jpeg	https://i.imgur.com/8mu7etK.jpg
20	100	Mediocre	2	55	Hi	40.7687	E. 77 St. & FDR Drive	-73.9498	MN40	John Jay Park	Upper East Side	N	1	55	15	Manhattan	10	10	Manhattan	https://i.imgsafe.org/da/da7dee4ed6.jpeg	https://i.imgur.com/0MEMYpE.jpg
20	100	Mediocre	2	70	Hi	40.741838	W. 17 St. between 8 and 9 Aves.	-74.002029	MN23	Kelly Playground	West Village	N	1	70	20	Manhattan	10	20	Manhattan	https://i.imgsafe.org/da/da7df07215.jpeg	https://i.imgur.com/gshz2We.jpg
20	100	Very Good	2	85	Hi	40.721554	Water St. and Gouverneur St.	-73.977092	MN28	Lillian Wald	Lower East Side	N	1	85	20	Manhattan	20	25	Manhattan	https://i.imgsafe.org/da/da7df8b699.jpeg	https://i.imgur.com/FLu1D9f.jpg
20	100	Mediocre	2	60	Hi	40.7124	Madison St. opposite Jefferson St.	-73.9883	MN28	Little Flower Playground	Lower East Side	N	1	60	15	Manhattan	20	5	Manhattan	https://i.imgsafe.org/da/da7dfb8f2d.jpeg	https://i.imgur.com/0T2zjmd.jpg
20	100	Mediocre	2	70	Hi	40.8033	E. 120 to 124 Sts. and Madison Ave.	-73.9431	MN03	Marcus Garvey Park	Harlem	N	1	70	15	Manhattan	15	20	Manhattan	https://i.imgsafe.org/da/da7e006fc0.jpeg	https://i.imgur.com/5xxTUS1.jpg
15	100	Mediocre	2	55	Hi	40.799985	113 to 114 St. and Lenox Ave.	-73.950453	MN03	Martin Luther King Jr. Park	Harlem	N	1	55	15	Manhattan	15	10	Manhattan	https://i.imgsafe.org/da/da7e03899d.jpeg	https://i.imgur.com/OakQ1oh.jpg
15	100	Mediocre	2	60	Hi	40.7771	W 70 St., West End Ave, and Amsterdam Ave.	-73.9837	MN12	Matthew Sapolin Playground	Upper West Side	N	1	60	10	Manhattan	20	15	Manhattan	https://i.imgsafe.org/da/da7e09a3a5.jpeg	https://i.imgur.com/PJNzCDC.jpg
15	100	Mediocre	2	55	Hi	40.7614	W. 46 St. between 9 and 10 Aves.	-73.9926	MN17	May Mathews Playground	Midtown	N	1	55	20	Manhattan	10	10	Manhattan	https://i.imgsafe.org/da/da7e0a7709.jpeg	https://i.imgur.com/9CHWIeg.jpg
20	100	Mediocre	2	60	Hi	40.759	W. 43 St. between 8 and 9 Aves.	-73.9911	MN17	McCaffrey Playground	Midtown	N	1	60	15	Manhattan	10	15	Manhattan	https://i.imgsafe.org/da/da97829375.jpeg	https://i.imgur.com/vASphr0.jpg
10	100	Poor	2	40	Hi	40.7242	Ave. A between E. 3 St. and E. 4 St.	-73.9857	MN50	McKinley Playground	East Village	N	1	40	10	Manhattan	10	10	Manhattan	https://i.imgsafe.org/da/da974c50fd.jpeg	https://i.imgur.com/B52RmHp.jpg
15	100	Mediocre	2	50	Hi	40.8095	E. 131 St. & Madison Ave.	-73.9386	MN33	Moore Playground	East Harlem	N	1	50	15	Manhattan	10	10	Manhattan	https://i.imgsafe.org/da/da7e1a0283.jpeg	https://i.imgur.com/5BuEZYz.jpg
5	100	Poor	2	35	Hi	40.806006	W. 118 St. & Morningside	-73.959097	MN09	Morningside Park (Central)	Morningside Heights	N	1	35	10	Manhattan	10	10	Manhattan	https://i.imgsafe.org/da/da7e1c0308.jpeg	https://i.imgur.com/pHLkJFk.jpg
5	100	Poor	2	30	Hi	40.802444	W. 113 St. & Morningside	-73.959725	MN09	Morningside Park (South)	Morningside Heights	N	1	30	10	Manhattan	5	10	Manhattan	https://i.imgsafe.org/da/da7e20ec6d.jpeg	https://i.imgur.com/xJGyXaw.jpg
5	100	Poor	2	45	Hi	40.7304	Ave. C & E. 17 St.	-73.9738	MN21	Murphy Playground	Gramercy	N	1	45	15	Manhattan	5	20	Manhattan	https://i.imgsafe.org/da/da7e22b832.jpeg	https://i.imgur.com/l7RtTi0.jpg
15	100	Mediocre	2	60	Hi	40.729311	12th St. between Ave A and 1st Ave	-73.982583	MN50	Open Road Park	East Village	N	1	60	10	Manhattan	15	20	Manhattan	https://i.imgsafe.org/da/da7e273add.jpeg	https://i.imgur.com/XtWX9vt.jpg
15	100	Mediocre	2	55	Hi	40.7478	W. 26 St. between 8 and 9 Aves.	-73.9989	MN23	Penn South Playground	West Village	N	1	55	15	Manhattan	15	10	Manhattan	https://i.imgsafe.org/da/da7e28934f.jpeg	https://i.imgur.com/vFbPmao.jpg
15	100	Mediocre	2	60	Hi	40.7363	2 Ave., E. 20 St. and E. 21 St.	-73.9818	MN21	Peters Field Playground	Gramercy	N	1	60	15	Manhattan	15	15	Manhattan	https://i.imgsafe.org/da/da7e2d6c91.jpeg	https://i.imgur.com/v50nUKz.jpg
10	100	Poor	2	40	Hi	40.787	103rd St. & FDR Drive	-73.9393	MN33	Playground 103	East Harlem	N	1	40	10	Manhattan	15	5	Manhattan	https://i.imgsafe.org/da/da7e2eb9d4.jpeg	https://i.imgur.com/YfQjFEW.jpg
10	100	Poor	2	45	Hi	40.811	Morningside Ave. and W. 123 to 124 Sts.	-73.956	MN09	Playground 125	Morningside Heights	N	1	45	10	Manhattan	15	10	Manhattan	https://i.imgsafe.org/da/da7e34c293.jpeg	https://i.imgur.com/TxPj8kI.jpg
15	100	Mediocre	2	55	Hi	40.7122	Madison and Catherine Sts. to Oliver St.	-73.9974	MN27	Playground One	Chinatown	N	1	55	10	Manhattan	15	15	Manhattan	https://i.imgsafe.org/da/da7e36e3de.jpeg	https://i.imgur.com/AvTPEOv.jpg
15	100	Mediocre	2	60	Hi	40.7926	E. 109 St. & 3 Ave.	-73.9433	MN33	Poor Richard Playground	East Harlem	N	1	60	15	Manhattan	15	15	Manhattan	https://i.imgsafe.org/da/da7e3c784a.jpeg	https://i.imgur.com/iL2UT1C.jpg
10	100	Mediocre	2	50	Hi	40.7975	E. 118 St. & 2 Ave.	-73.9356	MN33	PS 155 Playground	East Harlem	N	1	50	15	Manhattan	15	10	Manhattan	https://i.imgsafe.org/da/da7e3d0737.jpeg	https://i.imgur.com/HiBAJk0.jpg
15	100	Mediocre	2	55	Hi	40.7615	W. 47 St. between 8 and 9 Aves.	-73.9892	MN17	Ramon Aponte Playground	Midtown	N	1	55	15	Manhattan	10	15	Manhattan	https://i.imgsafe.org/da/da7e4797d0.jpeg	https://i.imgur.com/Y0MNHpY.jpg
15	100	Mediocre	2	60	Hi	40.8211	143 to 144 St. and 8 Ave.	-73.9415	MN04	Renaissance Playground	Hamilton Heights	N	1	60	15	Manhattan	15	15	Manhattan	https://i.imgsafe.org/da/da7e492e6a.jpeg	https://i.imgur.com/cGVzG3g.jpg
20	100	Very Good	2	80	Hi	40.8257	148 St. & Henry Hudson Parkway	-73.9538	MN04	Riverbank Park	Hamilton Heights	N	1	80	25	Manhattan	15	20	Manhattan	https://i.imgsafe.org/da/da7e4d236b.jpeg	https://i.imgur.com/laitl6S.jpg
10	100	Mediocre	2	60	Hi	40.7484	E. 41 St. & FDR Drive	-73.9693	MN19	Robert Moses Playground	Midtown East	N	1	60	15	Manhattan	15	20	Manhattan	https://i.imgsafe.org/da/da7e4f25c3.jpeg	https://i.imgur.com/hxgFF89.jpg
5	100	Poor	2	30	Hi	40.7484	E. 121 St. & 2 Ave.	-73.9693	MN33	Robert Wagner Playground	East Harlem	N	1	30	15	Manhattan	5	5	Manhattan	https://i.imgsafe.org/da/da7e545824.jpeg	https://i.imgur.com/HT96Z3P.jpg
25	100	Very Good	2	95	Hi	40.829554	156 St. & 8 Ave.	-73.93647	MN03	Rucker Park	Harlem	Y	1	95	25	Manhattan	20	25	Manhattan	https://i.imgsafe.org/da/da7e589334.jpeg	https://i.imgur.com/bX3JCwP.jpg
10	100	Poor	2	40	Hi	40.7738	W. 63 to 64 Sts. between West End & Amsterdam Aves.	-73.9867	MN12	Samuel Bennerson	Upper West Side	N	1	40	5	Manhattan	10	15	Manhattan	https://i.imgsafe.org/da/da988cf667.jpeg	https://i.imgur.com/MpkRxrc.jpg
15	100	Mediocre	2	60	Hi	40.722123	Delancey St. between Forsythe and Christie Sts.	-73.991276	MN28	Sara D. Roosevelt Park (Middle)	Lower East Side	N	1	60	20	Manhattan	10	15	Manhattan	https://i.imgsafe.org/da/da98947680.jpeg	https://i.imgur.com/Qs8n5Wf.jpg
15	100	Very Good	2	75	Hi	40.723147	Stanton St.	-73.990884	MN28	Sara D. Roosevelt Park (North)	Lower East Side	N	1	75	25	Manhattan	15	20	Manhattan	https://i.imgsafe.org/da/da9893c3b9.jpeg	https://i.imgur.com/XHiG4rc.jpg
25	100	Very Good	2	85	Hi	40.717438	Canal to Hester Sts.	-73.993725	MN28	Sara D. Roosevelt Park (South)	Lower East Side	Y	1	85	20	Manhattan	15	25	Manhattan	https://i.imgsafe.org/da/da989b3558.jpeg	https://i.imgur.com/w4nx0dB.jpg
25	100	Very Good	2	85	Hi	40.7853	Lexington Ave. & E. 95 St.	-73.9511	MN40	Seabury Playground	Upper East Side	N	1	85	25	Manhattan	15	20	Manhattan	https://i.imgsafe.org/da/da989b9b82.jpeg	https://i.imgur.com/9xr8oSX.jpg
15	100	Mediocre	2	70	Hi	40.7148	Canal, Hester and Jefferson Sts.	-73.9892	MN28	Seward Park	Lower East Side	N	1	70	20	Manhattan	20	15	Manhattan	https://i.imgsafe.org/da/da98a2cc76.jpeg	https://i.imgur.com/NwahPyZ.jpg
5	100	Mediocre	2	60	Hi	40.7151	Lewis & Delancey Sts.	-73.9798	MN28	Sidney Hillman Playground	Lower East Side	N	1	60	20	Manhattan	15	20	Manhattan	https://i.imgsafe.org/da/da98a34006.jpeg	https://i.imgur.com/bpFBSXt.jpg
15	100	Poor	2	45	Hi	40.7896	W. 70 St. between Central Park West and Columbus Ave.	-73.9685	MN12	Sol Bloom Playground	Upper West Side	N	1	45	10	Manhattan	10	10	Manhattan	https://i.imgsafe.org/da/da98a9fc42.jpeg	https://i.imgur.com/7bpWVmn.jpg
10	100	Mediocre	2	65	Hi	40.7144	E. Broadway, between Pitt and Grand St.	-73.9839	MN28	Sol Lain Playground	Lower East Side	N	1	65	20	Manhattan	10	25	Manhattan	https://i.imgsafe.org/da/da98aaeb79.jpeg	https://i.imgur.com/QXb9NTV.jpg
15	100	Mediocre	2	70	Hi	40.7654	1 Ave. and E. 67 to 68 Sts.	-73.9592	MN40	St. Catherine's Park	Upper East Side	N	1	70	15	Manhattan	20	20	Manhattan	https://i.imgsafe.org/da/da98b11e2f.jpeg	https://i.imgur.com/2M0n6Ck.jpg
20	100	Very Good	2	75	Hi	40.820353	W. 141 St. & St. Nicholas Ave.	-73.946877	MN04	St. Nicholas Park (North)	Hamilton Heights	N	1	75	20	Manhattan	15	20	Manhattan	https://i.imgsafe.org/da/da98b1d4de.jpeg	https://i.imgur.com/JT0xzRV.jpg
15	100	Mediocre	2	70	Hi	40.816242	W. 133 St. & St. Nicholas Ave.	-73.948733	MN03	St. Nicholas Park (South)	Harlem	N	1	70	20	Manhattan	15	20	Manhattan	https://i.imgsafe.org/da/da98b7980e.jpeg	https://i.imgur.com/118sCXi.jpg
20	100	Very Good	2	75	Hi	40.8123	129 to 130 St. & 7 Ave.	-73.9469	MN03	St. Nicholas Playground (North)	Harlem	N	1	75	20	Manhattan	15	20	Manhattan	https://i.imgsafe.org/da/da98b96e6c.jpeg	https://i.imgur.com/DL52KEC.jpg
15	100	Mediocre	2	70	Hi	40.8111	128 St. & 7 Ave.	-73.9475	MN03	St. Nicholas Playground (South)	Harlem	N	1	70	20	Manhattan	15	20	Manhattan	https://i.imgsafe.org/da/da98be5038.jpeg	https://i.imgur.com/ejvlvCv.jpg
15	100	Mediocre	2	65	Hi	40.7457	2 Ave. and E. 35 to E. 36 Sts.	-73.9746	MN19	St. Vartan's Playground	Midtown East	N	1	65	15	Manhattan	10	25	Manhattan	https://i.imgsafe.org/da/da98c030d3.jpeg	https://i.imgur.com/8xiLuGn.jpg
10	100	Mediocre	2	55	Hi	40.7835	1 Ave. & E. 96 St.	-73.9442	MN40	Stanley Isaacs Playground	Upper East Side	N	1	55	10	Manhattan	15	20	Manhattan	https://i.imgsafe.org/da/da98c59587.jpeg	https://i.imgur.com/S4KK8O7.jpg
20	100	Very Good	2	80	Hi	40.73249	First Ave Loop and Stuyvesant Walk	-73.97951	MN50	Stuyvesant Town Courts	East Village	N	1	80	20	Manhattan	20	20	Manhattan	https://i.imgsafe.org/da/da98c62e0b.jpeg	https://i.imgur.com/P0Eq3qU.jpg
15	100	Mediocre	2	70	Hi	40.8376	W. 167 St. & Edgecombe Ave.	-73.9362	MN35	Sunken Playground	Washington Heights	N	1	70	20	Manhattan	15	20	Manhattan	https://i.imgsafe.org/da/da98cb6152.jpeg	https://i.imgur.com/GU2oIqY.jpg
10	100	Poor	2	45	Hi	40.7101	Cherry St. to Water St.	-73.9948	MN28	Tanahey Playground	Lower East Side	N	1	45	5	Manhattan	20	10	Manhattan	https://i.imgsafe.org/da/daafb9e016.jpeg	https://i.imgur.com/crOjjIF.jpg
5	100	Mediocre	2	50	Hi	40.7816	W. 77 St. & Amsterdam Ave.	-73.9785	MN12	Tecumseh Playground	Upper West Side	N	1	50	15	Manhattan	10	20	Manhattan	https://i.imgsafe.org/da/daafbd345d.jpeg	https://i.imgur.com/aPo5tJY.jpg
25	100	Very Good	2	80	Hi	40.7923	2180 1 Ave.	-73.9356	MN33	Thomas Jefferson Park	East Harlem	N	1	80	15	Manhattan	20	20	Manhattan	https://i.imgsafe.org/da/daafc4307c.jpeg	https://i.imgur.com/byTi7na.jpg
25	100	Mediocre	2	65	Hi	40.7268	E 10 St. & Ave. B	-73.9807	MN50	Tompkins Sq. Park	East Village	Y	1	65	10	Manhattan	20	10	Manhattan	https://i.imgsafe.org/da/daafc6646e.jpeg	https://i.imgur.com/vgbPtse.jpg
15	100	Poor	2	45	Hi	40.70956	Robert F Wagner Sr Place	-73.999592	MN28	Two Bridges Park	Lower East Side	N	1	45	5	Manhattan	10	15	Manhattan	https://i.imgsafe.org/da/daafcc69ef.jpeg	https://i.imgur.com/iYEQ4kD.jpg
10	100	Poor	2	35	Hi	40.725337	Thompson & Spring Sts.	-74.002547	MN24	Vesuvio Playground	SoHo	N	1	35	15	Manhattan	5	5	Manhattan	https://i.imgsafe.org/da/daafce1437.jpeg	https://i.imgur.com/e2WeIs0.jpg
20	100	Very Good	2	80	Hi	40.8533	W. 189 St. & Amsterdam Ave.	-73.9267	MN01	Wallenburg Playground	Inwood	N	1	80	20	Manhattan	20	20	Manhattan	https://i.imgsafe.org/da/daafb5a746.jpeg	https://i.imgur.com/5MFhklo.jpg
20	100	Mediocre	2	70	Hi	40.7171	Chambers St. between Greenwich St. and West St.	-74.012	MN24	Washington Market Park	SoHo	N	1	70	20	Manhattan	10	20	Manhattan	https://i.imgsafe.org/da/da98712319.jpeg	https://i.imgur.com/dGKBeHx.jpg
10	100	Poor	2	35	Hi	40.851819	W. 186 St & Audubon Ave	-73.930102	MN35	West 186th Street Playground	Washington Heights	N	1	35	10	Manhattan	10	5	Manhattan	https://i.imgsafe.org/da/da9876ffb0.jpeg	https://i.imgur.com/gvORxCs.jpg
25	100	Very Good	2	90	Hi	40.7311	W. 4th St. & 6th Avenue	-74.0011	MN23	West 4th St. Courts	West Village	Y	1	90	25	Manhattan	15	25	Manhattan	https://i.imgsafe.org/da/da9875a16c.jpeg	https://i.imgur.com/bxlzGXr.jpg
10	100	Mediocre	2	60	Hi	40.7919	E. 105 St. & Lexington Ave.	-73.9459	MN33	White Playground	East Harlem	N	1	60	15	Manhattan	15	20	Manhattan	https://i.imgsafe.org/da/da987e72a1.jpeg	https://i.imgur.com/Oopq8XR.jpg
15	100	Mediocre	2	70	Hi	40.728585	6th Ave. and Houston St	-74.002377	MN23	William F. Passannante Playground	West Village	N	1	70	15	Manhattan	20	20	Manhattan	https://i.imgsafe.org/da/da9884593d.jpeg	https://i.imgur.com/rlSzdKn.jpg
5	100	Poor	2	35	Hi	40.8157	138 St. between Lenox and 5 Ave.	-73.938	MN03	William McCray Playground	Harlem	N	1	35	15	Manhattan	10	5	Manhattan	https://i.imgsafe.org/da/da987d2628.jpeg	https://i.imgur.com/29SUA3i.jpg
10	100	Mediocre	2	60	Hi	40.831688	St. Nicholas Ave and Manhattan Ave	-73.941768	MN03	Wright Brothers Playground	Harlem	N	1	60	15	Manhattan	15	20	Manhattan	https://i.imgsafe.org/da/da98858fae.jpeg	https://i.imgur.com/5yghm3k.jpg
